{
  "project_info": {
    "project_number": "905446268102",
    "project_id": "acc-mobile-88abf",
    "storage_bucket": "acc-mobile-88abf.appspot.com"
  },
  "client": [
    {
      "client_info": {
        "mobilesdk_app_id": "1:905446268102:android:5039b1a4ec7668da400bc7",
        "android_client_info": {
          "package_name": "com.mccv0"
        }
      },
      "oauth_client": [
        {
          "client_id": "905446268102-mbagvpakac1hvh3fcd3ccnmm2an2b3tf.apps.googleusercontent.com",
          "client_type": 3
        }
      ],
      "api_key": [
        {
          "current_key": "AIzaSyBxiWD7XrQfkHOgoiJJLAJJX1086o21I-o"
        }
      ],
      "services": {
        "appinvite_service": {
          "other_platform_oauth_client": [
            {
              "client_id": "905446268102-mbagvpakac1hvh3fcd3ccnmm2an2b3tf.apps.googleusercontent.com",
              "client_type": 3
            }
          ]
        }
      }
    }
  ],
  "configuration_version": "1"
}